shipper_id,name,phone,tracking_url_template
1,Watts Group,223.678.6576x9227,https://track.example/0/{}
2,Woods-Stewart,(535)463-3107x346,https://track.example/1/{}
3,"Mcconnell, Wells and Garcia",(653)852-8539x5397,https://track.example/2/{}
4,Brown Ltd,9745613944,https://track.example/3/{}
5,Ramsey PLC,483-771-0315x5815,https://track.example/4/{}
6,Gonzalez-Scott,(918)492-6555x31833,https://track.example/5/{}
7,"Ford, Price and Johnson",(905)435-6648,https://track.example/6/{}
8,"Davis, Fisher and Adams",577.353.5281,https://track.example/7/{}
9,"Herrera, Foster and Williams",(839)282-8183x1747,https://track.example/8/{}
10,"Jones, Williams and Mosley",394.344.8582x051,https://track.example/9/{}
11,Patel Ltd,9053011329,https://track.example/10/{}
12,"Wang, Bailey and Mueller",001-730-301-2229,https://track.example/11/{}
13,Peterson-Dunn,866-904-3695x26283,https://track.example/12/{}
14,"Clark, Brown and White",+1-410-365-8441x6948,https://track.example/13/{}
15,Patton Ltd,498.456.2603x529,https://track.example/14/{}
16,"Scott, Galvan and Lewis",396-261-0937,https://track.example/15/{}
17,Weeks Group,+1-978-213-7787x131,https://track.example/16/{}
18,"Ellis, Dixon and Barrett",(506)231-4638x998,https://track.example/17/{}
19,"Hernandez, Walters and Matthews",(516)219-0516x335,https://track.example/18/{}
20,Walker Inc,(239)512-0805,https://track.example/19/{}
21,Khan PLC,939-327-0221x724,https://track.example/20/{}
22,Gilbert-Jackson,857.270.2738,https://track.example/21/{}
23,"Miller, Hood and Kennedy",715-700-4896x85864,https://track.example/22/{}
24,Robinson-Williams,(296)270-8047,https://track.example/23/{}
25,"Kennedy, Smith and Hall",3015036527,https://track.example/24/{}
26,"Garcia, Goodwin and Simmons",415-585-3549x9071,https://track.example/25/{}
27,"Cabrera, Rowland and Woodward",001-690-999-1214x097,https://track.example/26/{}
28,Acosta-Mason,+1-604-997-7349,https://track.example/27/{}
29,"Forbes, Obrien and Brown",335.518.0631,https://track.example/28/{}
30,Hernandez-Myers,001-367-567-7215,https://track.example/29/{}
31,Lutz and Sons,469.475.2204x455,https://track.example/30/{}
32,Pham Ltd,614.509.6005,https://track.example/31/{}
33,Garcia PLC,+1-986-314-5847x13176,https://track.example/32/{}
34,Lawrence Inc,517.206.9974x3952,https://track.example/33/{}
35,"Acosta, Jordan and Stout",001-481-314-2881x0654,https://track.example/34/{}
36,Holt LLC,701-229-9801x09568,https://track.example/35/{}
37,"Schneider, Duncan and Rodriguez",507.406.6401x90657,https://track.example/36/{}
38,Davis LLC,(254)289-8111,https://track.example/37/{}
39,"Morris, Fields and Armstrong",887.598.6110x8447,https://track.example/38/{}
40,"Ortiz, Carney and Riddle",613-291-4816,https://track.example/39/{}
41,"Rodriguez, Gonzalez and Nicholson",+1-602-896-7470,https://track.example/40/{}
42,Liu-Villarreal,518.831.4641,https://track.example/41/{}
43,Thomas and Sons,9739077834,https://track.example/42/{}
44,"King, Fitzgerald and Tucker",547.582.9205,https://track.example/43/{}
45,"Gonzales, Johnson and Peterson",+1-751-981-9512x76213,https://track.example/44/{}
46,Glover Ltd,503.848.0106x8386,https://track.example/45/{}
47,Neal and Sons,207.923.4054x25239,https://track.example/46/{}
48,Sims-Evans,230.523.8157,https://track.example/47/{}
49,Wong-Shea,4948453075,https://track.example/48/{}
50,Gray Inc,928-945-9286x225,https://track.example/49/{}
51,Goodwin LLC,001-444-680-7769,https://track.example/50/{}
52,Jackson Ltd,001-966-986-3908x361,https://track.example/51/{}
53,"Smith, Franklin and Patton",(804)489-7472x6724,https://track.example/52/{}
54,Williams-Taylor,314-962-4348,https://track.example/53/{}
55,Ward-Fowler,(793)840-7027x9744,https://track.example/54/{}
56,Davenport-Haas,+1-323-631-5909,https://track.example/55/{}
57,"Miller, Perry and Smith",813.406.7999x92536,https://track.example/56/{}
58,Reed PLC,8292132808,https://track.example/57/{}
59,Charles PLC,001-999-360-9984x046,https://track.example/58/{}
60,"Wilson, Clayton and Wheeler",3904186444,https://track.example/59/{}
61,Phillips-Carter,947.816.9994x57379,https://track.example/60/{}
62,"Hutchinson, Valdez and Davis",(358)455-9157x0641,https://track.example/61/{}
63,"Gray, Moore and Mccullough",(568)873-0768x33145,https://track.example/62/{}
64,Peterson-Gomez,001-226-344-8329x912,https://track.example/63/{}
65,Davis-Newman,874-200-2428,https://track.example/64/{}
66,Baxter and Sons,595-355-4983,https://track.example/65/{}
67,Durham-Mahoney,(699)404-2475x3226,https://track.example/66/{}
68,Romero-Morris,(420)538-3121x82538,https://track.example/67/{}
69,"Wood, Ferguson and Porter",001-838-930-6545x769,https://track.example/68/{}
70,Mccormick-Jackson,(613)639-6620,https://track.example/69/{}
71,Hopkins and Sons,001-756-632-9345x95252,https://track.example/70/{}
72,Weiss-Baldwin,001-481-501-6399x8393,https://track.example/71/{}
73,Figueroa-Thomas,(206)823-4902x49427,https://track.example/72/{}
74,"Morales, Clark and Ramos",843-454-3549,https://track.example/73/{}
75,Wood-Walker,001-909-250-9402x97738,https://track.example/74/{}
76,Fisher LLC,001-494-381-7625x8601,https://track.example/75/{}
77,Hardy and Sons,974.627.6193x0387,https://track.example/76/{}
78,Gordon Inc,(464)221-6038,https://track.example/77/{}
79,"Rivas, Cunningham and Lopez",001-721-373-8482x7150,https://track.example/78/{}
80,Myers Group,443.316.2307x5356,https://track.example/79/{}
81,"Baker, Baker and Barber",001-789-722-5177,https://track.example/80/{}
82,Diaz Inc,3747643022,https://track.example/81/{}
83,Conway-Lynn,001-909-984-2527,https://track.example/82/{}
84,"Nelson, Mccarty and Mcguire",(470)888-3459x178,https://track.example/83/{}
85,Lutz PLC,+1-951-713-0620x77585,https://track.example/84/{}
86,Cowan PLC,+1-633-822-2647x02765,https://track.example/85/{}
87,"Powell, Berg and Colon",4969692760,https://track.example/86/{}
88,"Sanchez, Peterson and Reid",(306)944-8749x435,https://track.example/87/{}
89,Joyce Inc,001-634-426-1602,https://track.example/88/{}
90,"Mason, Garcia and Skinner",001-995-541-0637x49445,https://track.example/89/{}
91,"Smith, Travis and Swanson",9686602578,https://track.example/90/{}
92,"Fields, Sims and Rodriguez",943.603.7864x303,https://track.example/91/{}
93,Cox and Sons,830.809.9724,https://track.example/92/{}
94,Lee Ltd,001-640-616-5774x6766,https://track.example/93/{}
95,Henry-Martinez,287.626.0219x35598,https://track.example/94/{}
96,Love Inc,786-524-3165x9940,https://track.example/95/{}
97,Curtis LLC,(479)602-5813,https://track.example/96/{}
98,Campbell-Rogers,(390)506-7791,https://track.example/97/{}
99,"Clark, Cuevas and Foster",001-781-918-1516x60162,https://track.example/98/{}
100,Turner Ltd,521-753-9252,https://track.example/99/{}
101,Avila-Wilson,(342)248-4953x708,https://track.example/100/{}
102,Simpson LLC,900-988-9194,https://track.example/101/{}
103,Watson-Lopez,(884)368-2320,https://track.example/102/{}
104,"Terrell, Moore and Henderson",212-341-2446,https://track.example/103/{}
105,"Hahn, Jones and Ruiz",7545827656,https://track.example/104/{}
106,"Liu, Hamilton and Smith",(804)429-5170x378,https://track.example/105/{}
107,"Thomas, Mason and David",+1-638-307-5534x3649,https://track.example/106/{}
108,Douglas Group,2764842796,https://track.example/107/{}
109,"Baker, Cummings and Sims",684.214.1413,https://track.example/108/{}
110,Macdonald LLC,206-664-3439x463,https://track.example/109/{}
111,Baker-Rivera,+1-971-750-9030x8549,https://track.example/110/{}
112,Mueller-Jenkins,+1-292-578-8773x8819,https://track.example/111/{}
113,Hart-Hawkins,4079045692,https://track.example/112/{}
114,Hill-Carter,(493)749-5008,https://track.example/113/{}
115,Williamson-Knox,001-302-498-0233,https://track.example/114/{}
116,Hayes Group,302.755.3535x1288,https://track.example/115/{}
117,"Rich, Odonnell and Cobb",+1-386-206-2600x97055,https://track.example/116/{}
118,Myers-Odom,757-225-5189,https://track.example/117/{}
119,"Craig, Green and Graham",303.797.3275x065,https://track.example/118/{}
120,Hickman-Hardy,435.350.7117x092,https://track.example/119/{}
121,"Wilson, Grant and Hall",001-998-970-5416x3472,https://track.example/120/{}
122,Gonzales PLC,6847857998,https://track.example/121/{}
123,"Taylor, Castillo and Reynolds",+1-267-969-8389x17587,https://track.example/122/{}
124,"Williams, Schroeder and Green",(326)500-3175x16088,https://track.example/123/{}
125,"Armstrong, Lewis and Torres",649.987.4893,https://track.example/124/{}
126,"Soto, Gonzales and Barker",954.364.5696,https://track.example/125/{}
127,Allen-Carroll,(678)916-0983x826,https://track.example/126/{}
128,"Nguyen, Shelton and Holland",7066357540,https://track.example/127/{}
129,Knight-Banks,821-879-1121,https://track.example/128/{}
130,Collins Ltd,668.529.5370,https://track.example/129/{}
131,"Bell, Gomez and Miller",001-952-221-8401,https://track.example/130/{}
132,Mason Ltd,001-913-543-1648x85662,https://track.example/131/{}
133,Delgado-Roberts,+1-307-438-2543x125,https://track.example/132/{}
134,Patrick Inc,468-588-9213x56837,https://track.example/133/{}
135,Liu-Rodriguez,+1-941-265-4780x1174,https://track.example/134/{}
136,"Wells, Washington and Franco",+1-732-449-5583x56316,https://track.example/135/{}
137,Martin-Gordon,6403913324,https://track.example/136/{}
138,"Mendoza, Byrd and Brown",(929)353-5081,https://track.example/137/{}
139,"Moore, Solis and Barrett",(392)470-9130,https://track.example/138/{}
140,Silva-Castillo,525.237.2160,https://track.example/139/{}
141,Stevens-Browning,001-557-427-7837,https://track.example/140/{}
142,"Stout, Conley and Harris",001-699-398-6087x118,https://track.example/141/{}
143,Simpson Inc,+1-217-279-6100x464,https://track.example/142/{}
144,Baker-Cox,894-764-2486x63944,https://track.example/143/{}
145,"Burgess, Quinn and Walsh",521.432.8741x3598,https://track.example/144/{}
146,Gillespie PLC,(623)667-9960x99787,https://track.example/145/{}
147,"Lewis, Wilson and Lopez",772.586.9926,https://track.example/146/{}
148,Thompson Ltd,218-457-9209x333,https://track.example/147/{}
149,Taylor Inc,+1-973-951-1497x3664,https://track.example/148/{}
150,Shaw-Bruce,(514)800-8840,https://track.example/149/{}
151,"Williams, Sanders and Hardy",4157314043,https://track.example/150/{}
152,"Brown, Cooper and Wilson",299-429-6893x9190,https://track.example/151/{}
153,Potts-Rogers,209.334.1236x7401,https://track.example/152/{}
154,Adams and Sons,+1-763-950-1607x9354,https://track.example/153/{}
155,"Howard, Clark and Mcdonald",592.462.2825x379,https://track.example/154/{}
156,Brown-Beck,307-339-7471x975,https://track.example/155/{}
157,"Greene, Phillips and Baxter",+1-997-777-4981x42497,https://track.example/156/{}
158,Yu Inc,646.722.1983,https://track.example/157/{}
159,Baker and Sons,(843)673-6285,https://track.example/158/{}
160,"Warner, Zuniga and Ruiz",+1-393-568-4408x77076,https://track.example/159/{}
161,Steele-Guzman,861.856.1495,https://track.example/160/{}
162,Green-Beck,675.608.2852x17271,https://track.example/161/{}
163,"Garcia, Drake and White",+1-312-926-5644x83761,https://track.example/162/{}
164,"Humphrey, Smith and Miller",528-908-9633,https://track.example/163/{}
165,Parker LLC,219.332.4663,https://track.example/164/{}
166,"White, Hernandez and Hansen",(349)656-1948,https://track.example/165/{}
167,Robertson-Velasquez,888-725-2648x6805,https://track.example/166/{}
168,Jacobson Group,645.826.9328,https://track.example/167/{}
169,Harrison Inc,745.975.6219x279,https://track.example/168/{}
170,James Group,(708)212-7017x15498,https://track.example/169/{}
171,Galloway-Banks,001-916-291-2122,https://track.example/170/{}
172,Smith and Sons,(341)690-4339x9788,https://track.example/171/{}
173,Hughes Group,+1-939-351-5088x99525,https://track.example/172/{}
174,Morris-Munoz,849-524-3641x693,https://track.example/173/{}
175,Johnson and Sons,(686)835-0568,https://track.example/174/{}
176,"Navarro, Palmer and Ellis",001-749-335-7457x9752,https://track.example/175/{}
177,Berry Group,714.713.5175x977,https://track.example/176/{}
178,"Gordon, Lewis and Harrison",841-730-0491x04900,https://track.example/177/{}
179,"Shannon, Davis and Brown",001-446-799-8034x2601,https://track.example/178/{}
180,Johnson Group,683-538-4565x14065,https://track.example/179/{}
181,"Wade, Liu and Walker",+1-308-385-6627x34413,https://track.example/180/{}
182,Lopez-Morris,+1-912-362-8674,https://track.example/181/{}
183,Park-Jensen,2786185569,https://track.example/182/{}
184,Taylor-Garrison,9456507753,https://track.example/183/{}
185,Booth LLC,631-502-4631,https://track.example/184/{}
186,Ashley-Dennis,712-548-3091,https://track.example/185/{}
187,"Mcguire, Irwin and Osborne",001-841-629-6877x487,https://track.example/186/{}
188,"Burke, Baker and White",3422399151,https://track.example/187/{}
189,Chavez PLC,416-302-2843x27086,https://track.example/188/{}
190,"Mayo, Curry and Macias",770.616.4225,https://track.example/189/{}
191,Campbell-Brown,+1-441-209-2693x49593,https://track.example/190/{}
192,Armstrong-Dunn,881-612-9378,https://track.example/191/{}
193,King Ltd,312.263.7642x52972,https://track.example/192/{}
194,"White, Davenport and Carroll",001-574-574-7025x96492,https://track.example/193/{}
195,"Gibson, Taylor and Roman",(707)943-5874x8511,https://track.example/194/{}
196,"Taylor, Harrington and Murphy",730-774-1659,https://track.example/195/{}
197,Wilkerson-Miller,001-742-808-9206x11787,https://track.example/196/{}
198,Burns-Williams,+1-763-787-1418,https://track.example/197/{}
199,"Morgan, Wolfe and Villegas",(860)689-0491x46453,https://track.example/198/{}
200,Ford-Clark,695.883.5974x08073,https://track.example/199/{}
201,Mclaughlin-Scott,7298647689,https://track.example/200/{}
202,"Bowen, Gutierrez and Jackson",+1-802-468-3574x42153,https://track.example/201/{}
203,Scott-Buchanan,+1-227-404-2672x3303,https://track.example/202/{}
204,Vargas PLC,881.436.3025,https://track.example/203/{}
205,Cochran and Sons,001-624-300-6263x9524,https://track.example/204/{}
206,Garcia-Mahoney,+1-416-312-7513x64085,https://track.example/205/{}
207,"Chang, Silva and Hayes",259-963-4307x63273,https://track.example/206/{}
208,Barnett Inc,287.403.6581,https://track.example/207/{}
209,"Hall, Gray and Henderson",(800)580-7297,https://track.example/208/{}
210,"Martinez, Blackburn and Hansen",716.575.3531x3813,https://track.example/209/{}
211,Brown and Sons,001-711-364-6073,https://track.example/210/{}
212,Walsh-Bass,283.855.4403,https://track.example/211/{}
213,"Lee, Watts and Lucas",001-275-571-2666x273,https://track.example/212/{}
214,"Johnston, Adams and Chavez",2594960140,https://track.example/213/{}
215,Williams-Gonzales,001-844-515-6612x7836,https://track.example/214/{}
216,Cameron-James,967-410-8843x246,https://track.example/215/{}
217,Saunders-Kelley,448-337-5633,https://track.example/216/{}
218,Stokes-Webster,+1-675-455-3134x701,https://track.example/217/{}
219,"Hanson, Wells and Gray",565-640-0611,https://track.example/218/{}
220,Lopez Inc,(933)315-7760x77425,https://track.example/219/{}
221,Campbell Inc,+1-987-796-2206x7782,https://track.example/220/{}
222,Edwards-Owens,483.960.8281x88398,https://track.example/221/{}
223,"Mcdowell, Farmer and Williams",400-424-7533x7619,https://track.example/222/{}
224,"Thomas, Quinn and Johnson",673-508-0148,https://track.example/223/{}
225,Armstrong and Sons,(633)902-6097x656,https://track.example/224/{}
226,Terrell-Diaz,9759861831,https://track.example/225/{}
227,"Saunders, Gilbert and Colon",+1-466-929-2955x0973,https://track.example/226/{}
228,Hooper-Moore,+1-894-737-2016x047,https://track.example/227/{}
229,Barry-Morales,(839)403-1361x26958,https://track.example/228/{}
230,"Edwards, Simon and Harris",(990)844-9978x5773,https://track.example/229/{}
231,Snow-Crawford,(253)845-5608x5202,https://track.example/230/{}
232,Morgan-Robertson,(475)461-1103x44463,https://track.example/231/{}
233,Sanders Inc,(270)406-7379,https://track.example/232/{}
234,George Ltd,987-878-6744x182,https://track.example/233/{}
235,Clayton-Wise,875.581.4814x13454,https://track.example/234/{}
236,"Costa, Simmons and Burns",001-746-451-6048x9572,https://track.example/235/{}
237,Hines-Gaines,4543804573,https://track.example/236/{}
238,Dominguez-Myers,224.842.2561x706,https://track.example/237/{}
239,"Jensen, Carter and Watkins",+1-804-708-7559x6471,https://track.example/238/{}
240,"Wade, Burton and Jackson",(871)247-8272x5075,https://track.example/239/{}
241,"Reynolds, Gallegos and Mcguire",8036702873,https://track.example/240/{}
242,Campos-Pierce,303.234.9463,https://track.example/241/{}
243,"Cook, Schmidt and Jones",341.915.6029,https://track.example/242/{}
244,Bennett-Mcknight,896-204-0529x8315,https://track.example/243/{}
245,"Wright, Buckley and Michael",001-422-881-2015x7689,https://track.example/244/{}
246,Shaw-Hayes,3038781615,https://track.example/245/{}
247,"Drake, Villanueva and Wilson",001-220-608-1508,https://track.example/246/{}
248,Fox Inc,941.396.3697x624,https://track.example/247/{}
249,Moran-Gamble,919.943.8107x9841,https://track.example/248/{}
250,Johnson-Miller,(299)745-7431x48973,https://track.example/249/{}
251,Edwards PLC,001-613-875-1501x32764,https://track.example/250/{}
252,Summers and Sons,8754021298,https://track.example/251/{}
253,Jones Inc,001-980-997-2073x38962,https://track.example/252/{}
254,Ayala Inc,4039195934,https://track.example/253/{}
255,Garcia-Roberts,(637)431-8488,https://track.example/254/{}
256,White-Farmer,+1-362-445-9110,https://track.example/255/{}
257,"Holloway, Cook and Olson",(236)278-3828x0621,https://track.example/256/{}
258,Meadows and Sons,(898)224-0033x4052,https://track.example/257/{}
259,Kim-Bates,652.942.0776,https://track.example/258/{}
260,"Townsend, Lewis and Adams",892.765.6528x22345,https://track.example/259/{}
261,"Clements, Castaneda and White",573.671.7004,https://track.example/260/{}
262,"Hogan, Woods and Martinez",673-363-8428x2592,https://track.example/261/{}
263,"Miller, Bryant and Chandler",(827)386-5020,https://track.example/262/{}
264,Fisher-Walter,637.539.6050x3419,https://track.example/263/{}
265,Lang and Sons,349-558-7580,https://track.example/264/{}
266,Daugherty-Haney,+1-208-929-8527x7060,https://track.example/265/{}
267,Edwards-May,(524)541-0691x8950,https://track.example/266/{}
268,"Golden, Keith and Dorsey",899.294.4958,https://track.example/267/{}
269,Benson-Aguirre,752-851-4488,https://track.example/268/{}
270,Riley-Mcguire,001-773-394-7772x9275,https://track.example/269/{}
271,Gonzalez PLC,(598)418-9541x82814,https://track.example/270/{}
272,Farmer-English,001-648-262-3700x78458,https://track.example/271/{}
273,Duncan-Reyes,001-263-794-5648,https://track.example/272/{}
274,"Estes, Gordon and Hurst",001-667-980-8493,https://track.example/273/{}
275,"Diaz, Marshall and Cook",001-290-234-3123,https://track.example/274/{}
276,"Jones, Archer and Lopez",001-782-380-9725x564,https://track.example/275/{}
277,"Potts, Davis and Hart",+1-341-653-5767x08457,https://track.example/276/{}
278,"Perez, Jones and Shaffer",264.932.9006x557,https://track.example/277/{}
279,Johnson-Pena,(978)437-8097x31476,https://track.example/278/{}
280,"Montgomery, Stanton and Williams",001-735-842-7502x21601,https://track.example/279/{}
281,Warren Ltd,001-966-595-9096,https://track.example/280/{}
282,Nguyen-Phillips,791.367.4388,https://track.example/281/{}
283,"Travis, Weber and Sharp",507-952-0376x07159,https://track.example/282/{}
284,Cooper-Gould,(772)375-3304,https://track.example/283/{}
285,Jordan and Sons,486-323-2984x574,https://track.example/284/{}
286,"Howard, Combs and Strickland",+1-764-938-6378,https://track.example/285/{}
287,"Rose, West and Ibarra",(379)476-8138x598,https://track.example/286/{}
288,Smith-Williams,214.979.4010x8484,https://track.example/287/{}
289,Foster-Rose,253-762-7348x5314,https://track.example/288/{}
290,Ford and Sons,9868094252,https://track.example/289/{}
291,Perry-Rivera,001-314-464-7233x526,https://track.example/290/{}
292,Adams-Skinner,+1-832-612-7831,https://track.example/291/{}
293,Schmidt-Martinez,001-849-436-3707x654,https://track.example/292/{}
294,"Austin, Flores and Adams",350-341-8365x54014,https://track.example/293/{}
295,Taylor LLC,+1-591-470-1751,https://track.example/294/{}
296,"Cameron, Horne and Herrera",429-503-9999,https://track.example/295/{}
297,Schneider-Davidson,342-810-2697x5800,https://track.example/296/{}
298,Lopez-Lowery,3272318045,https://track.example/297/{}
299,Graham Group,530.671.3308x0898,https://track.example/298/{}
300,Santos-Perry,358.991.2123x9364,https://track.example/299/{}
301,Mcgee-Higgins,(949)228-2530x3772,https://track.example/300/{}
302,"Lyons, Rogers and Blair",(979)992-7816x8983,https://track.example/301/{}
303,Moore-Odonnell,753.687.8342,https://track.example/302/{}
304,"Dudley, Love and Abbott",398.674.3713,https://track.example/303/{}
305,Schultz-Zuniga,001-670-480-5359,https://track.example/304/{}
306,Collier Inc,593.315.3192x510,https://track.example/305/{}
307,Silva-Mcclure,(655)311-6404x4210,https://track.example/306/{}
308,Brown Inc,(959)880-4273x68091,https://track.example/307/{}
309,"Hill, Williams and Novak",(822)643-9409,https://track.example/308/{}
310,Gardner Group,001-778-502-7488x1498,https://track.example/309/{}
311,Wilson-Allen,(343)981-7500,https://track.example/310/{}
312,Thomas Inc,710.788.7146x7922,https://track.example/311/{}
313,Soto Inc,639.535.1145,https://track.example/312/{}
314,Jennings-Cantrell,640.386.5046,https://track.example/313/{}
315,Hernandez and Sons,+1-404-208-7759x29879,https://track.example/314/{}
316,Flores-Wall,726-206-6343x55207,https://track.example/315/{}
317,"Jones, Green and Carlson",001-734-806-2018x98959,https://track.example/316/{}
318,Waters-Little,940.544.8372,https://track.example/317/{}
319,Williams Inc,(411)962-6730,https://track.example/318/{}
320,"Graham, Burke and Evans",620-915-5250x0526,https://track.example/319/{}
321,Russo PLC,4767627457,https://track.example/320/{}
322,"Bridges, Ellis and Knight",606-448-3903,https://track.example/321/{}
323,"Morrison, Curry and Wong",+1-380-219-5915x950,https://track.example/322/{}
324,"Long, Schmidt and Hall",622.995.6538x23332,https://track.example/323/{}
325,Harmon LLC,001-827-213-6094x00352,https://track.example/324/{}
326,"Lewis, Sandoval and Wong",001-498-792-8904x3673,https://track.example/325/{}
327,Cain-Taylor,001-810-772-7335,https://track.example/326/{}
328,Hall Group,520.537.1258x759,https://track.example/327/{}
329,"Herrera, Carrillo and Reid",8788850508,https://track.example/328/{}
330,Hill and Sons,001-411-954-6622,https://track.example/329/{}
331,Brown and Sons,289.819.7966,https://track.example/330/{}
332,Herring Ltd,624.728.4698,https://track.example/331/{}
333,Galvan Inc,001-337-549-6154,https://track.example/332/{}
334,"Cox, Brown and Wilson",(934)664-0163x1403,https://track.example/333/{}
335,Mcguire Ltd,560-942-6195x80195,https://track.example/334/{}
336,Wolf and Sons,3659908993,https://track.example/335/{}
337,"Watkins, Richard and Johnson",797.757.3749x3077,https://track.example/336/{}
338,Adams-Kent,676-522-2044,https://track.example/337/{}
339,Young-Mcdonald,929-862-0815x11671,https://track.example/338/{}
340,Wells PLC,421-663-3464,https://track.example/339/{}
341,"Walker, Garcia and Anderson",351.429.8647x25813,https://track.example/340/{}
342,Gray Group,7262007513,https://track.example/341/{}
343,Robinson Ltd,001-630-399-5183,https://track.example/342/{}
344,Chang-Donaldson,+1-489-437-0548x3917,https://track.example/343/{}
345,"Decker, Hickman and Ferguson",606.353.1778x658,https://track.example/344/{}
346,Richardson Inc,3253726549,https://track.example/345/{}
347,Patel Ltd,+1-695-659-6863x9250,https://track.example/346/{}
348,"Woods, Matthews and Underwood",001-480-802-9249,https://track.example/347/{}
349,Johnson Ltd,600-672-9724,https://track.example/348/{}
350,"Mathis, Cantu and Zimmerman",001-265-850-9587x6296,https://track.example/349/{}
351,Green-Watson,875-231-5750x8214,https://track.example/350/{}
352,Mckee Group,366.942.2268x13797,https://track.example/351/{}
353,Smith-Mosley,+1-314-680-7256x58983,https://track.example/352/{}
354,Fernandez and Sons,001-609-344-1570x12782,https://track.example/353/{}
355,"Trevino, King and Mcconnell",(369)842-1162x0154,https://track.example/354/{}
356,Drake-Robertson,001-729-691-7785,https://track.example/355/{}
357,Graves PLC,(816)944-4036x495,https://track.example/356/{}
358,"Murillo, Rowe and Andrews",001-413-744-5902,https://track.example/357/{}
359,Garcia-Jackson,269-826-9750x81137,https://track.example/358/{}
360,"Herman, Bailey and Schneider",001-268-662-9783x116,https://track.example/359/{}
361,Rivera LLC,(906)687-5273,https://track.example/360/{}
362,Taylor and Sons,6809663478,https://track.example/361/{}
363,Patton Ltd,703.223.6037x2953,https://track.example/362/{}
364,Taylor Group,(755)681-1032x35075,https://track.example/363/{}
365,Mclaughlin Inc,358.344.7314,https://track.example/364/{}
366,Jennings-Green,001-286-743-7846x38674,https://track.example/365/{}
367,Thomas LLC,+1-505-233-1231x3433,https://track.example/366/{}
368,"Mays, Morales and Gonzalez",984-795-4590,https://track.example/367/{}
369,Mitchell Ltd,914.209.3650x37219,https://track.example/368/{}
370,"Mcdowell, Lee and Berry",001-348-523-0181x63397,https://track.example/369/{}
371,Anderson LLC,001-767-724-4695,https://track.example/370/{}
372,Perez LLC,3256553061,https://track.example/371/{}
373,Nelson PLC,(471)553-6350,https://track.example/372/{}
374,"Le, Smith and Hamilton",606-311-0488x91561,https://track.example/373/{}
375,Ferguson-Williams,001-373-785-5785,https://track.example/374/{}
376,"James, Kelly and Johnson",001-742-327-7797x6282,https://track.example/375/{}
377,Hart-Watson,+1-822-690-8577x551,https://track.example/376/{}
378,"Rivera, Miller and Hunter",900.307.0346,https://track.example/377/{}
379,Martinez Ltd,255.499.3166x576,https://track.example/378/{}
380,Peck Group,603.277.5104x319,https://track.example/379/{}
381,Anderson-Jimenez,894.780.2574x6489,https://track.example/380/{}
382,"Small, Johnson and Sanchez",4433614607,https://track.example/381/{}
383,Parker Group,884.924.6730x126,https://track.example/382/{}
384,"Hernandez, Mullins and Cox",001-314-637-5747,https://track.example/383/{}
385,Zimmerman-Hampton,463.499.5475,https://track.example/384/{}
386,Williams-Carlson,988.207.5160x686,https://track.example/385/{}
387,Gonzalez LLC,590.406.1325,https://track.example/386/{}
388,"Mcintyre, Shaw and Cox",959.935.4312x1561,https://track.example/387/{}
389,Brown Ltd,354.933.1755x316,https://track.example/388/{}
390,Williams-Boyd,(774)485-6736x563,https://track.example/389/{}
391,Obrien-Johnson,+1-610-236-2248x94955,https://track.example/390/{}
392,Trevino Inc,(754)706-9273x1845,https://track.example/391/{}
393,Hart-Allen,708.204.1830x18230,https://track.example/392/{}
394,Bush-Rogers,371.905.8583,https://track.example/393/{}
395,Simpson-Cruz,400-365-1292x754,https://track.example/394/{}
396,Downs-Lee,(426)786-0052x3674,https://track.example/395/{}
397,"Avila, Walker and Taylor",001-228-829-8435,https://track.example/396/{}
398,Parker LLC,306-521-9744x327,https://track.example/397/{}
399,"Cox, Reyes and Bell",(648)478-0461,https://track.example/398/{}
400,"Jennings, Wells and Cox",(652)323-5061,https://track.example/399/{}
401,Larson-Davis,945.944.8078,https://track.example/400/{}
402,Shaw-Murphy,402-344-4694,https://track.example/401/{}
403,"Rice, Roy and Powers",(262)985-2891,https://track.example/402/{}
404,Garza-Wilkerson,(914)403-4607x2755,https://track.example/403/{}
405,Williams Ltd,950-573-4881,https://track.example/404/{}
406,Kelley-Rogers,(206)391-8990x96199,https://track.example/405/{}
407,Vega LLC,(871)418-0837,https://track.example/406/{}
408,Avila PLC,001-364-790-0566x08281,https://track.example/407/{}
409,Howell PLC,001-577-831-5549x64516,https://track.example/408/{}
410,"Mckenzie, Allen and Wilson",001-663-591-6322x901,https://track.example/409/{}
411,"Tran, Powell and Smith",386.229.9782x226,https://track.example/410/{}
412,"Wheeler, Jackson and Perez",961.957.8624,https://track.example/411/{}
413,"Hickman, Bryant and Leach",001-338-465-5065,https://track.example/412/{}
414,Ramirez-Martin,+1-928-616-2868x8274,https://track.example/413/{}
415,"Trevino, Reed and Rodriguez",714.646.6610x138,https://track.example/414/{}
416,"Dudley, Baker and Branch",731.817.8628x013,https://track.example/415/{}
417,"Wallace, Oliver and Kent",+1-901-360-9736x218,https://track.example/416/{}
418,Allen and Sons,+1-287-932-0697x3378,https://track.example/417/{}
419,Wilson-Weiss,+1-242-434-5419x966,https://track.example/418/{}
420,King-Vazquez,231-322-9464,https://track.example/419/{}
421,Frank-Gamble,464.731.8385x58654,https://track.example/420/{}
422,Buchanan-Nunez,(400)412-4535,https://track.example/421/{}
423,Hicks-Russell,(899)799-0891x8828,https://track.example/422/{}
424,"Ryan, Gutierrez and Poole",(883)777-0564,https://track.example/423/{}
425,"Young, Farmer and Thomas",(602)353-1860x884,https://track.example/424/{}
426,Little-Abbott,(352)875-4483,https://track.example/425/{}
427,Montes-Hill,+1-703-548-9545x02753,https://track.example/426/{}
428,Dixon Ltd,204-453-3957x19503,https://track.example/427/{}
429,Moore-Adams,2572713213,https://track.example/428/{}
430,Hansen-Miller,+1-372-476-8733x5208,https://track.example/429/{}
431,Nguyen-Yates,(385)794-1206x993,https://track.example/430/{}
432,Martinez Ltd,3102688574,https://track.example/431/{}
433,Ellis Group,(477)941-1045,https://track.example/432/{}
434,"West, Bailey and Villanueva",805-318-1968x44715,https://track.example/433/{}
435,Simmons and Sons,+1-327-659-5698,https://track.example/434/{}
436,House PLC,5749105891,https://track.example/435/{}
437,Molina PLC,213-604-5259x1485,https://track.example/436/{}
438,Blake Ltd,615-266-7962,https://track.example/437/{}
439,Lewis Group,+1-954-520-5603x3254,https://track.example/438/{}
440,Hoffman Ltd,001-306-885-8814x85345,https://track.example/439/{}
441,Diaz Ltd,(365)388-5194,https://track.example/440/{}
442,Brown and Sons,353-942-9407x7165,https://track.example/441/{}
443,"Johnson, York and Flores",370-941-3503,https://track.example/442/{}
444,Evans and Sons,001-793-909-1986x5086,https://track.example/443/{}
445,Whitney Ltd,9692495059,https://track.example/444/{}
446,Faulkner Inc,(927)613-7090x898,https://track.example/445/{}
447,"Cohen, Campos and Chung",001-721-711-2691x096,https://track.example/446/{}
448,Wilson-Berry,(735)949-0098x1257,https://track.example/447/{}
449,Hernandez-Ortiz,588-811-5352,https://track.example/448/{}
450,Dixon-Riggs,(991)560-1548,https://track.example/449/{}
451,Wilkerson Inc,+1-375-708-3299x395,https://track.example/450/{}
452,Yang Ltd,975-933-6540,https://track.example/451/{}
453,Smith Ltd,(452)519-8692,https://track.example/452/{}
454,Meyer Inc,+1-831-751-7897x391,https://track.example/453/{}
455,Phillips Group,(207)709-5776x8414,https://track.example/454/{}
456,"Henderson, Murray and Higgins",928-944-3862x777,https://track.example/455/{}
457,"Martinez, Rodriguez and Diaz",969.442.6978x06597,https://track.example/456/{}
458,"Hicks, Torres and Hoffman",436.443.6724x249,https://track.example/457/{}
459,"Chan, King and Ramirez",001-612-803-9321,https://track.example/458/{}
460,"Ford, Hobbs and Stanton",(720)789-0255x8409,https://track.example/459/{}
461,Ryan-Wade,382-537-4334x5214,https://track.example/460/{}
462,"King, Johnston and Graham",+1-524-815-6199x043,https://track.example/461/{}
463,Harrison-Davis,216.567.0536,https://track.example/462/{}
464,"Bailey, Paul and Buchanan",859.833.3478x6619,https://track.example/463/{}
465,"Collier, Cole and Schmidt",330.993.3715,https://track.example/464/{}
466,Carroll-Brady,478.644.5879,https://track.example/465/{}
467,"Roberts, Hines and George",(842)770-4897,https://track.example/466/{}
468,Myers-Martin,(880)525-2822x9770,https://track.example/467/{}
469,Rivera-Calderon,848.348.5369x041,https://track.example/468/{}
470,Sheppard-Beck,001-606-326-1781x7601,https://track.example/469/{}
471,Peters-Murphy,(618)816-3040x0207,https://track.example/470/{}
472,Dunn-Cantrell,879.556.0379x07678,https://track.example/471/{}
473,"Welch, Nelson and Sandoval",653.837.6912,https://track.example/472/{}
474,Richards-Hammond,001-853-521-7132x651,https://track.example/473/{}
475,Parker-Chase,(888)295-5344,https://track.example/474/{}
476,"Juarez, Mcdonald and Cunningham",(781)222-6138,https://track.example/475/{}
477,Rush LLC,(838)828-2557x100,https://track.example/476/{}
478,Dawson LLC,+1-523-416-2357x38761,https://track.example/477/{}
479,Howard-Hale,+1-639-207-1293x131,https://track.example/478/{}
480,Walton-Bates,(284)206-9417,https://track.example/479/{}
481,"Cabrera, Reynolds and Willis",599-294-5688,https://track.example/480/{}
482,Griffin-Weber,827-933-6012,https://track.example/481/{}
483,"Hernandez, Davis and Murphy",752-964-4196x831,https://track.example/482/{}
484,Duke-Werner,001-393-583-7346x525,https://track.example/483/{}
485,Murillo-Berger,225.493.9978x2647,https://track.example/484/{}
486,"Simpson, Wright and Perez",001-771-436-6787,https://track.example/485/{}
487,"Oliver, Carr and Bradley",3425360675,https://track.example/486/{}
488,"White, Morales and Schmidt",949-375-8357x239,https://track.example/487/{}
489,Shannon-Madden,+1-478-735-2305x8438,https://track.example/488/{}
490,Orozco and Sons,515-774-6702x45479,https://track.example/489/{}
491,Smith PLC,980.209.5972x58948,https://track.example/490/{}
492,Hernandez Group,621-393-5118x732,https://track.example/491/{}
493,Fowler Group,473.721.7982x217,https://track.example/492/{}
494,Alexander-Bentley,697-667-1262,https://track.example/493/{}
495,Black-Anderson,429-245-5099x354,https://track.example/494/{}
496,"White, Kemp and Boyer",001-352-923-8129x54467,https://track.example/495/{}
497,Johnson Group,861.729.1723x02915,https://track.example/496/{}
498,"Fowler, Wilson and Miller",+1-890-501-8819x73647,https://track.example/497/{}
499,Johnson PLC,866-373-5732x71976,https://track.example/498/{}
500,"Cabrera, Davis and Johnson",001-875-711-3559x0504,https://track.example/499/{}
